id,first_name,last_name,email,gender,ip_address
1,Talbert,Penvarne,tpenvarne0@taobao.com,Male,36.237.30.93
2,Roy,Trimmell,rtrimmell1@gmpg.org,Male,253.235.57.168
3,Mala,Randall,mrandall2@woothemes.com,Male,67.246.79.80
4,Carrie,Horsburgh,chorsburgh3@wiley.com,Female,205.99.117.205
5,Ame,Langworthy,alangworthy4@google.com,Female,111.239.114.129
6,Rey,Stuer,rstuer5@fotki.com,Genderqueer,147.33.21.218
7,Dario,Whitely,dwhitely6@tamu.edu,Male,216.164.204.137
8,Katharine,Arsmith,karsmith7@hao123.com,Female,214.229.139.197
9,Francene,Dreier,fdreier8@opensource.org,Female,195.228.174.145
10,Kirsten,Gyde,kgyde9@joomla.org,Non-binary,79.142.4.85
11,Erica,Wigley,ewigleya@feedburner.com,Male,162.47.21.39
12,Binnie,Mackelworth,bmackelworthb@dailymotion.com,Male,17.186.52.53
13,Joeann,Reimer,jreimerc@dot.gov,Male,42.84.212.188
14,Klaus,Trussell,ktrusselld@zimbio.com,Female,232.2.0.198
15,Vanya,Spikeings,vspikeingse@sfgate.com,Female,6.69.249.96
16,Bronson,Izat,bizatf@netlog.com,Female,110.185.49.201
17,Sharron,Gallichan,sgallichang@hhs.gov,Female,194.217.138.186
18,Rianon,Thridgould,rthridgouldh@cargocollective.com,Female,16.224.196.106
19,Freedman,Mongenot,fmongenoti@hao123.com,Male,111.41.59.74
20,Griff,Minogue,gminoguej@imgur.com,Female,117.133.193.251
21,Biron,Mizzen,bmizzenk@microsoft.com,Female,4.98.139.23
22,Fedora,Girke,fgirkel@unblog.fr,Female,236.192.6.174
23,Ruby,Kinnerk,rkinnerkm@nasa.gov,Female,176.235.193.105
24,Josey,Bogey,jbogeyn@dyndns.org,Female,155.159.79.81
25,Joli,Micco,jmiccoo@hud.gov,Female,9.174.254.154
26,Ferris,Chern,fchernp@nbcnews.com,Female,162.156.197.81
27,Jacynth,Iwanczyk,jiwanczykq@va.gov,Male,161.78.68.102
28,Starla,O'Carran,socarranr@moonfruit.com,Female,1.22.117.12
29,Kiley,Tench,ktenchs@google.com.br,Female,75.40.151.197
30,Pippa,Brugden,pbrugdent@soup.io,Agender,91.177.161.18
31,Roobbie,Hookes,rhookesu@kickstarter.com,Female,82.94.133.115
32,Garreth,D'Errico,gderricov@shutterfly.com,Female,106.240.25.133
33,Nobe,Quene,nquenew@so-net.ne.jp,Male,231.43.181.164
34,Jesse,Rickerby,jrickerbyx@ovh.net,Female,34.79.146.72
35,Bobbette,McDermott-Row,bmcdermottrowy@jiathis.com,Female,250.56.17.182
36,Randi,Laws,rlawsz@fotki.com,Male,138.44.19.221
37,Gordan,Jiggins,gjiggins10@creativecommons.org,Female,223.118.250.22
38,Mal,Plante,mplante11@fastcompany.com,Female,155.73.52.158
39,Guilbert,Linggood,glinggood12@ucoz.com,Bigender,10.94.134.218
40,Eydie,Cornuau,ecornuau13@aol.com,Female,148.16.41.70
41,Marilyn,Negal,mnegal14@phoca.cz,Female,88.83.253.197
42,Nathaniel,Sporton,nsporton15@scribd.com,Female,8.190.91.164
43,Christian,Willshire,cwillshire16@time.com,Female,131.227.102.84
44,Freeman,Demangel,fdemangel17@mashable.com,Female,10.156.29.220
45,Tabbie,Arnopp,tarnopp18@skyrock.com,Female,4.15.205.162
46,Ewan,Shyres,eshyres19@plala.or.jp,Female,98.163.71.168
47,Lenette,Fandrich,lfandrich1a@wikia.com,Male,54.178.19.5
48,Nicky,Kilbourn,nkilbourn1b@so-net.ne.jp,Female,237.23.132.125
49,Evelyn,Crocker,ecrocker1c@tripadvisor.com,Female,200.136.26.166
50,Josi,Huffy,jhuffy1d@un.org,Male,194.81.21.92
51,Carolina,Brownell,cbrownell1e@fda.gov,Male,45.101.173.129
52,Ilene,Castagnaro,icastagnaro1f@clickbank.net,Female,132.90.125.143
53,Hartwell,Bere,hbere1g@ted.com,Female,40.119.117.186
54,Devland,Unwin,dunwin1h@instagram.com,Female,208.187.58.6
55,Alisa,Huggan,ahuggan1i@ibm.com,Male,110.63.83.36
56,Lorens,July,ljuly1j@wikipedia.org,Male,160.0.132.181
57,Yvon,Pinckstone,ypinckstone1k@ebay.com,Male,61.193.150.46
58,Renault,Lochhead,rlochhead1l@cargocollective.com,Female,246.200.159.80
59,Barton,Dalgleish,bdalgleish1m@bizjournals.com,Male,122.153.117.79
60,Jania,Backs,jbacks1n@dailymotion.com,Male,229.15.230.151
61,Lorenza,Shyre,lshyre1o@webmd.com,Female,252.236.180.222
62,Nedi,Dowson,ndowson1p@cmu.edu,Female,249.136.72.28
63,Miles,Layborn,mlayborn1q@arstechnica.com,Male,30.195.139.219
64,Jammal,Moden,jmoden1r@woothemes.com,Female,173.230.249.239
65,Winnah,Aish,waish1s@wikimedia.org,Male,102.58.77.44
66,Boothe,Zanutti,bzanutti1t@bloglovin.com,Male,37.2.152.31
67,Ferdinande,Godding,fgodding1u@diigo.com,Female,61.122.55.24
68,Upton,O'Logan,uologan1v@biblegateway.com,Male,244.110.130.117
69,Valerie,Ebanks,vebanks1w@smugmug.com,Male,74.18.21.74
70,Yelena,Buyers,ybuyers1x@irs.gov,Male,114.247.253.103
71,Josselyn,Becke,jbecke1y@flavors.me,Female,79.209.215.94
72,Cinnamon,Recke,crecke1z@stumbleupon.com,Female,131.153.201.253
73,Kata,Drysdall,kdrysdall20@yahoo.com,Female,79.27.81.45
74,Northrop,Finlow,nfinlow21@ifeng.com,Male,68.111.199.69
75,Meridith,Bison,mbison22@twitpic.com,Female,149.30.146.251
76,Flo,Pressey,fpressey23@elpais.com,Female,177.36.78.161
77,Boone,Measor,bmeasor24@reference.com,Male,200.231.68.113
78,Frannie,Hanna,fhanna25@fastcompany.com,Female,126.133.37.180
79,Gloriana,Gaydon,ggaydon26@mtv.com,Male,249.151.234.209
80,Godiva,de Chastelain,gdechastelain27@vimeo.com,Male,239.32.6.179
81,Riki,Dicte,rdicte28@flickr.com,Female,157.210.58.50
82,Irvin,Aucoate,iaucoate29@yahoo.com,Male,210.78.124.255
83,Jonathan,Matches,jmatches2a@edublogs.org,Female,80.45.137.41
84,Merilee,Guyers,mguyers2b@si.edu,Female,11.151.174.94
85,Stewart,Granham,sgranham2c@nasa.gov,Male,240.93.70.112
86,Gibbie,Farish,gfarish2d@live.com,Female,172.9.95.6
87,Kirk,Domerq,kdomerq2e@hud.gov,Genderfluid,209.48.76.115
88,Dorita,Barling,dbarling2f@epa.gov,Female,56.173.160.199
89,Antoni,Hullyer,ahullyer2g@over-blog.com,Genderfluid,135.31.183.2
90,Cello,Sowrey,csowrey2h@upenn.edu,Female,229.8.25.145
91,Darrin,Tant,dtant2i@slideshare.net,Female,178.22.76.31
92,Garik,Goodban,ggoodban2j@house.gov,Male,230.99.161.255
93,Stillmann,Keyte,skeyte2k@tmall.com,Female,115.10.231.250
94,Alvira,Gillyett,agillyett2l@psu.edu,Male,168.18.0.222
95,Billie,Crollman,bcrollman2m@npr.org,Genderqueer,184.238.230.15
96,Margarethe,Bergstram,mbergstram2n@miibeian.gov.cn,Male,81.84.113.167
97,Maxi,Sharphouse,msharphouse2o@google.nl,Female,146.127.11.194
98,Gillan,Masters,gmasters2p@trellian.com,Female,244.190.151.199
99,Beverly,Gissing,bgissing2q@g.co,Male,155.128.128.51
100,Guss,Fost,gfost2r@digg.com,Male,23.13.141.17
