id,first_name,last_name,email,gender,ip_address
1,Selig,Songer,ssonger0@nhs.uk,Male,237.178.247.135
2,Daisie,Riggert,driggert1@indiegogo.com,Male,104.251.90.49
3,Calv,Standbridge,cstandbridge2@blogspot.com,Male,106.58.181.91
4,Anson,Speedin,aspeedin3@wired.com,Male,200.44.120.29
5,Edlin,Erbain,eerbain4@scientificamerican.com,Female,231.240.228.66
6,Cord,Milthorpe,cmilthorpe5@miibeian.gov.cn,Male,143.189.65.180
7,Mellie,Aldritt,maldritt6@google.pl,Female,52.76.123.112
8,Roxanna,Powys,rpowys7@fema.gov,Female,157.216.10.131
9,Simone,Fitzsimon,sfitzsimon8@zdnet.com,Male,245.169.239.172
10,Osgood,Behninck,obehninck9@ftc.gov,Bigender,244.158.171.7
11,Vilhelmina,Phillott,vphillotta@webs.com,Female,138.112.209.122
12,Margy,Bohin,mbohinb@flavors.me,Agender,118.22.176.138
13,Jinny,Mardy,jmardyc@cbslocal.com,Female,50.128.85.226
14,Andrej,Biernacki,abiernackid@uol.com.br,Female,48.124.165.237
15,Philippe,Eitter,peittere@unesco.org,Male,215.100.102.42
16,Daloris,Fouracre,dfouracref@youtu.be,Male,174.111.63.192
17,Stephie,Aaronsohn,saaronsohng@un.org,Female,154.29.236.56
18,Xymenes,Hurler,xhurlerh@ameblo.jp,Female,214.117.198.176
19,Aubry,Vannozzii,avannozziii@123-reg.co.uk,Male,245.191.125.190
20,Obediah,Cordaroy,ocordaroyj@instagram.com,Female,202.87.199.58
21,Michelle,McLagan,mmclagank@icq.com,Male,210.9.220.165
22,Drucie,Livett,dlivettl@guardian.co.uk,Genderqueer,107.151.6.81
23,Perrine,Jerrom,pjerromm@adobe.com,Male,103.246.121.30
24,Jaquelyn,Legge,jleggen@marriott.com,Male,130.88.36.243
25,Norrie,Tollet,ntolleto@un.org,Male,82.230.180.215
26,Collette,Undrell,cundrellp@tinypic.com,Male,121.98.15.93
27,Tomi,Bunning,tbunningq@edublogs.org,Male,146.159.186.109
28,Mandy,MacDunlevy,mmacdunlevyr@amazon.de,Female,121.193.120.71
29,Dell,Seville,dsevilles@yellowbook.com,Male,134.180.180.121
30,Cecelia,Sidary,csidaryt@samsung.com,Female,26.218.19.67
31,Georgiana,Labbati,glabbatiu@sitemeter.com,Female,219.81.205.174
32,Nicol,Mannix,nmannixv@4shared.com,Male,48.0.147.28
33,Rozella,Mac,rmacw@prweb.com,Female,179.111.6.59
34,Zed,Pamphilon,zpamphilonx@freewebs.com,Female,196.21.179.164
35,Pierette,Olanda,polanday@wikipedia.org,Male,198.236.218.153
36,Amandi,Fulle,afullez@51.la,Male,121.164.38.204
37,Guthrie,Garrow,ggarrow10@ibm.com,Female,141.127.157.28
38,Brade,Shankle,bshankle11@reddit.com,Female,235.117.244.180
39,Lockwood,Pummell,lpummell12@usnews.com,Male,136.9.250.145
40,Rafe,Boothman,rboothman13@hhs.gov,Female,44.179.125.10
41,Archer,Marcos,amarcos14@europa.eu,Female,185.224.94.73
42,Joela,Earp,jearp15@hhs.gov,Male,157.81.71.19
43,Chadd,Henfre,chenfre16@slideshare.net,Male,90.158.21.104
44,Murial,Legon,mlegon17@phoca.cz,Male,3.215.26.119
45,Aldis,Rucklesse,arucklesse18@oaic.gov.au,Male,46.203.176.247
46,Holt,Coulthard,hcoulthard19@apache.org,Male,239.217.3.0
47,Kellen,Shynn,kshynn1a@hugedomains.com,Male,180.120.172.184
48,Karylin,Bernt,kbernt1b@nba.com,Male,253.130.234.97
49,Jaye,McKimm,jmckimm1c@g.co,Male,2.224.55.107
50,Katleen,Woodroof,kwoodroof1d@so-net.ne.jp,Female,130.29.138.254
51,Lorrayne,Wines,lwines1e@mozilla.com,Female,77.251.161.128
52,Renie,Searsby,rsearsby1f@msn.com,Female,250.208.35.101
53,Morissa,Llywarch,mllywarch1g@soundcloud.com,Male,215.124.120.239
54,Elle,MacCaghan,emaccaghan1h@artisteer.com,Female,137.224.23.37
55,Taryn,Lindenbluth,tlindenbluth1i@hibu.com,Male,232.77.213.110
56,Randolph,Foote,rfoote1j@sfgate.com,Female,89.193.51.105
57,Erna,Lecointe,elecointe1k@spotify.com,Female,198.110.106.89
58,Ula,Aldwich,ualdwich1l@craigslist.org,Female,89.57.17.30
59,Seward,Battrick,sbattrick1m@seesaa.net,Male,208.152.191.59
60,Zara,Stockbridge,zstockbridge1n@sitemeter.com,Female,21.55.204.84
61,Lana,Tweedle,ltweedle1o@sfgate.com,Female,196.32.246.233
62,Godiva,Naton,gnaton1p@phoca.cz,Female,204.122.234.159
63,Sarah,Yesenev,syesenev1q@yellowbook.com,Bigender,90.191.53.122
64,Vladamir,Doey,vdoey1r@dyndns.org,Female,25.210.44.89
65,Nicky,McComiskie,nmccomiskie1s@ft.com,Genderqueer,179.191.71.222
66,Sampson,Denekamp,sdenekamp1t@google.co.jp,Male,147.158.255.78
67,Gwendolen,O'Dunniom,godunniom1u@t-online.de,Male,237.132.243.67
68,Greg,Boggis,gboggis1v@cnbc.com,Female,123.103.31.231
69,Ronny,Losebie,rlosebie1w@tumblr.com,Female,4.87.106.51
70,Ursula,Barry,ubarry1x@ox.ac.uk,Female,170.171.132.117
71,Lindsey,Veldman,lveldman1y@google.com.hk,Male,17.27.65.94
72,Blaine,Hovert,bhovert1z@cloudflare.com,Female,142.217.46.0
73,Jeramie,Di Baudi,jdibaudi20@yellowpages.com,Female,82.93.223.126
74,Rozamond,Fintoph,rfintoph21@ftc.gov,Female,227.128.10.211
75,Wilone,Jaegar,wjaegar22@hugedomains.com,Male,204.126.10.109
76,Dorey,Durkin,ddurkin23@jimdo.com,Female,9.242.124.2
77,Helga,Henniger,hhenniger24@amazon.co.jp,Male,80.139.54.47
78,Garald,Fenlon,gfenlon25@theguardian.com,Female,157.253.22.200
79,Valeria,Beddoes,vbeddoes26@t-online.de,Female,126.161.201.92
80,Carlota,Heelis,cheelis27@wikipedia.org,Male,91.182.91.233
81,Lorianna,Warnes,lwarnes28@statcounter.com,Male,152.219.128.94
82,Rod,Sommerville,rsommerville29@odnoklassniki.ru,Male,152.212.178.134
83,Hillary,Heake,hheake2a@fotki.com,Male,113.143.49.53
84,Lewie,Birtonshaw,lbirtonshaw2b@china.com.cn,Male,36.22.164.210
85,Benita,Goodge,bgoodge2c@so-net.ne.jp,Female,236.54.39.151
86,Corena,Seagrove,cseagrove2d@baidu.com,Polygender,137.24.28.19
87,Berky,Marder,bmarder2e@nature.com,Polygender,214.23.234.72
88,Yance,Hammerton,yhammerton2f@edublogs.org,Female,117.34.124.1
89,Vasily,Scamp,vscamp2g@hugedomains.com,Agender,80.242.203.71
90,Sydelle,Baddeley,sbaddeley2h@ifeng.com,Female,226.158.243.149
91,Elora,Dach,edach2i@timesonline.co.uk,Male,55.62.24.99
92,Frederico,Mateev,fmateev2j@gov.uk,Male,64.132.128.22
93,Elsey,Hinz,ehinz2k@google.co.jp,Male,220.177.209.253
94,Alli,Schnitter,aschnitter2l@census.gov,Female,54.9.13.49
95,Rod,Ronchetti,rronchetti2m@pen.io,Female,117.33.116.239
96,Erica,Nibloe,enibloe2n@twitpic.com,Male,197.138.52.89
97,Agnese,Ximenez,aximenez2o@sitemeter.com,Male,5.83.144.193
98,Bordy,Horbart,bhorbart2p@woothemes.com,Female,70.26.172.130
99,Ezechiel,Baltzar,ebaltzar2q@nhs.uk,Male,247.209.160.99
100,Marieann,Macallam,mmacallam2r@fc2.com,Genderfluid,86.8.192.76
101,Karlene,Masham,kmasham2s@delicious.com,Male,125.178.166.242
102,Tanner,Mault,tmault2t@state.gov,Male,161.47.47.209
103,Lothario,Tarbin,ltarbin2u@time.com,Female,191.220.146.191
104,Ede,Woodthorpe,ewoodthorpe2v@flickr.com,Female,210.190.68.55
105,Hy,Mauser,hmauser2w@myspace.com,Male,84.103.89.35
106,Jere,Cahillane,jcahillane2x@istockphoto.com,Male,41.154.94.217
107,Meara,Olliff,molliff2y@privacy.gov.au,Male,64.52.116.227
108,Elyse,Northgraves,enorthgraves2z@bloglovin.com,Female,204.3.9.128
109,Moria,Southern,msouthern30@java.com,Female,158.12.193.151
110,Brant,Shalloo,bshalloo31@telegraph.co.uk,Female,52.106.250.119
111,Appolonia,Peirpoint,apeirpoint32@buzzfeed.com,Male,63.229.163.125
112,Laird,Nazareth,lnazareth33@google.de,Female,152.11.106.201
113,Rob,Dessent,rdessent34@arstechnica.com,Male,209.211.209.56
114,Hubie,Di Claudio,hdiclaudio35@opera.com,Female,254.81.179.255
115,Ana,Beinisch,abeinisch36@biblegateway.com,Female,121.92.220.194
116,Gavan,Duns,gduns37@google.co.jp,Male,84.20.153.23
117,Rebe,Horsfield,rhorsfield38@fc2.com,Male,59.91.49.252
118,Sheelah,Arstall,sarstall39@hostgator.com,Male,152.93.18.5
119,Janina,Cheale,jcheale3a@indiatimes.com,Male,110.194.141.16
120,Sheilakathryn,Godspeede,sgodspeede3b@jimdo.com,Genderqueer,209.178.160.118
121,Kelila,Kerwick,kkerwick3c@friendfeed.com,Female,186.106.66.35
122,Northrup,Gonet,ngonet3d@hhs.gov,Female,219.206.144.89
123,Jayme,Rayhill,jrayhill3e@skype.com,Male,159.54.32.123
124,Lambert,Bracer,lbracer3f@vkontakte.ru,Male,138.176.163.186
125,Lexis,Farnon,lfarnon3g@nsw.gov.au,Female,108.211.27.154
126,Billie,Kelberer,bkelberer3h@msn.com,Female,248.63.243.59
127,Brunhilda,McIntosh,bmcintosh3i@cnbc.com,Female,212.251.228.9
128,Daffi,Parley,dparley3j@shinystat.com,Male,45.123.68.34
129,Gusta,Janse,gjanse3k@spiegel.de,Genderqueer,118.99.167.80
130,Yankee,Bovey,ybovey3l@homestead.com,Female,36.255.185.5
131,Gerrilee,Morrissey,gmorrissey3m@cafepress.com,Female,178.187.253.101
132,Jamesy,Bromidge,jbromidge3n@friendfeed.com,Female,216.50.134.175
133,Tamera,Currm,tcurrm3o@t.co,Male,86.200.154.17
134,Barney,Gopsill,bgopsill3p@census.gov,Male,198.73.210.23
135,Bekki,Purkess,bpurkess3q@noaa.gov,Male,99.204.194.196
136,Craggie,Phippin,cphippin3r@bing.com,Female,208.168.146.139
137,Griffin,Bourtoumieux,gbourtoumieux3s@goodreads.com,Genderqueer,238.67.144.59
138,Stephen,McAvin,smcavin3t@bluehost.com,Female,123.2.195.149
139,Asia,Morgen,amorgen3u@eepurl.com,Male,91.130.157.71
140,Ches,Wandrack,cwandrack3v@google.cn,Male,117.4.89.14
141,Mae,Mintoft,mmintoft3w@wsj.com,Male,213.228.192.234
142,Kassey,Kyttor,kkyttor3x@a8.net,Male,116.109.85.140
143,Melinde,Labet,mlabet3y@vkontakte.ru,Female,104.238.127.187
144,Georg,Josefsson,gjosefsson3z@discuz.net,Female,97.146.200.33
145,Krishnah,Amies,kamies40@spiegel.de,Female,16.144.84.44
146,Erick,Gullivan,egullivan41@e-recht24.de,Female,108.187.248.11
147,Gamaliel,MacKeague,gmackeague42@yelp.com,Male,218.76.217.211
148,Bucky,Heatlie,bheatlie43@vk.com,Female,243.133.87.75
149,Chris,Bartolozzi,cbartolozzi44@tmall.com,Female,64.215.45.225
150,Berry,Shopcott,bshopcott45@ehow.com,Non-binary,33.49.31.167
151,Conn,Wooder,cwooder46@nyu.edu,Bigender,105.79.38.51
152,Winfield,Pritchitt,wpritchitt47@ehow.com,Male,9.128.98.224
153,Farleigh,Allcorn,fallcorn48@reuters.com,Male,11.71.130.40
154,Anderson,Genny,agenny49@princeton.edu,Male,122.208.171.12
155,Elyn,Brobeck,ebrobeck4a@xrea.com,Female,240.193.165.82
156,Andris,Keysall,akeysall4b@jimdo.com,Male,17.40.196.223
157,Desdemona,McComish,dmccomish4c@jimdo.com,Male,73.51.180.84
158,Humphrey,Stayte,hstayte4d@imdb.com,Male,242.67.47.94
159,Jude,Lavens,jlavens4e@php.net,Female,205.201.143.226
160,Bryant,Petticrew,bpetticrew4f@bbb.org,Male,251.193.143.104
161,Vite,Ness,vness4g@utexas.edu,Male,121.6.164.177
162,Noe,Gibbett,ngibbett4h@amazon.co.uk,Female,27.77.91.127
163,Barny,Tolotti,btolotti4i@4shared.com,Female,23.9.146.53
164,Cariotta,Stayte,cstayte4j@statcounter.com,Female,153.67.90.215
165,Jone,Carlan,jcarlan4k@wufoo.com,Female,100.62.125.203
166,Horace,Rouge,hrouge4l@yellowpages.com,Female,119.179.125.102
167,Caty,Sedgemond,csedgemond4m@com.com,Genderfluid,122.128.246.163
168,Rochell,Florez,rflorez4n@unc.edu,Female,81.216.102.71
169,Bee,Terlinden,bterlinden4o@rakuten.co.jp,Female,141.85.200.167
170,Donelle,Madgwich,dmadgwich4p@senate.gov,Male,135.77.170.239
171,Derry,Gynne,dgynne4q@illinois.edu,Male,76.21.81.252
172,Carry,Grubbe,cgrubbe4r@ask.com,Polygender,135.7.127.240
173,Clare,Heiton,cheiton4s@example.com,Bigender,58.69.243.194
174,Cordie,Sivill,csivill4t@craigslist.org,Male,116.250.20.141
175,Adora,Sterndale,asterndale4u@gov.uk,Female,94.128.242.107
176,Giffard,Dumbreck,gdumbreck4v@redcross.org,Female,33.239.226.235
177,Sadye,Krystek,skrystek4w@economist.com,Male,253.33.236.74
178,Jarret,Barhims,jbarhims4x@blogspot.com,Female,59.52.14.244
179,Drucill,Lawlings,dlawlings4y@shutterfly.com,Female,35.192.252.14
180,Vaclav,Guess,vguess4z@godaddy.com,Male,237.176.52.4
181,Beryl,St. Queintain,bstqueintain50@miitbeian.gov.cn,Male,55.201.228.86
182,Aylmer,Yashnov,ayashnov51@about.me,Male,134.95.64.18
183,Findlay,Rehn,frehn52@earthlink.net,Female,182.24.235.116
184,Alena,Albin,aalbin53@newyorker.com,Female,246.225.232.249
185,Mariya,Rowell,mrowell54@phoca.cz,Female,47.137.92.210
186,Prue,Tarn,ptarn55@usa.gov,Female,235.234.175.34
187,Gaylor,Woonton,gwoonton56@examiner.com,Female,121.242.132.187
188,Lincoln,Dellatorre,ldellatorre57@accuweather.com,Male,105.128.76.245
189,Mehetabel,O'Doherty,modoherty58@netscape.com,Male,0.133.245.52
190,Kizzie,Gisbourn,kgisbourn59@newyorker.com,Male,129.165.165.149
191,Alvinia,Crammy,acrammy5a@ow.ly,Male,13.165.34.252
192,Bronnie,Kohneke,bkohneke5b@businesswire.com,Female,228.26.230.24
193,Christie,Ambrodi,cambrodi5c@drupal.org,Male,94.115.187.156
194,Clark,Fotheringham,cfotheringham5d@samsung.com,Female,2.26.250.102
195,Eulalie,Bolstridge,ebolstridge5e@gov.uk,Female,73.114.192.40
196,Kiel,Emlen,kemlen5f@com.com,Male,147.86.163.128
197,Edwina,Scain,escain5g@oaic.gov.au,Male,66.209.29.151
198,Shepherd,Clamp,sclamp5h@mac.com,Male,184.159.66.146
199,Krishnah,Eyckelbeck,keyckelbeck5i@cnn.com,Male,70.96.238.234
200,Weston,Gillespie,wgillespie5j@blinklist.com,Female,231.123.45.86
201,Rodge,Mickan,rmickan5k@wordpress.org,Female,14.242.1.146
202,Ida,Valente,ivalente5l@mail.ru,Female,80.115.198.96
203,Malina,Capeling,mcapeling5m@altervista.org,Male,55.8.79.184
204,Blanche,Orable,borable5n@youku.com,Female,143.254.27.109
205,Guillermo,Roadknight,groadknight5o@globo.com,Male,74.140.62.245
206,Fidela,Nacci,fnacci5p@google.ru,Male,35.83.160.176
207,Sully,Paydon,spaydon5q@census.gov,Male,55.193.56.16
208,Raffarty,Seckington,rseckington5r@imdb.com,Female,209.138.217.5
209,Doreen,Archley,darchley5s@indiegogo.com,Female,235.117.113.158
210,Earle,Peckitt,epeckitt5t@ocn.ne.jp,Male,56.31.85.99
211,Aristotle,Menichini,amenichini5u@japanpost.jp,Female,114.45.186.56
212,Harris,Farleigh,hfarleigh5v@cloudflare.com,Male,9.228.171.245
213,Saunderson,Wolfart,swolfart5w@uiuc.edu,Female,185.123.57.210
214,Rudie,Govini,rgovini5x@bloglovin.com,Genderqueer,16.239.153.165
215,Nealon,Mitchinson,nmitchinson5y@adobe.com,Polygender,146.1.40.43
216,Carroll,McLeod,cmcleod5z@sun.com,Male,202.98.170.245
217,Virgina,Joyes,vjoyes60@ebay.com,Polygender,165.156.206.95
218,Archie,Stuer,astuer61@cbc.ca,Female,55.198.242.62
219,Ernesto,Hance,ehance62@latimes.com,Male,74.137.57.211
220,Shaun,Beran,sberan63@wix.com,Female,184.190.14.10
221,Moira,Maleney,mmaleney64@blinklist.com,Male,17.5.136.54
222,Trista,Mumbeson,tmumbeson65@about.me,Female,124.227.36.127
223,Sonny,Keely,skeely66@google.fr,Male,51.3.194.95
224,Corissa,Finan,cfinan67@mac.com,Female,112.119.212.129
225,Bartlet,Sybe,bsybe68@xing.com,Male,233.183.187.94
226,Aland,Wase,awase69@cdc.gov,Male,73.101.76.229
227,Phillipp,Nourse,pnourse6a@ifeng.com,Female,20.204.7.65
228,Darrin,Ubanks,dubanks6b@gravatar.com,Male,232.17.102.213
229,Aurlie,Hackforth,ahackforth6c@gnu.org,Male,202.195.45.215
230,Ajay,Corradi,acorradi6d@economist.com,Male,164.128.0.64
231,Gabriela,Heinemann,gheinemann6e@miitbeian.gov.cn,Male,241.41.217.117
232,Winnifred,Crosson,wcrosson6f@yandex.ru,Female,61.139.165.15
233,Abramo,Plaschke,aplaschke6g@eventbrite.com,Male,3.102.82.90
234,Kristen,Mussettini,kmussettini6h@samsung.com,Female,28.158.1.73
235,Lora,Callum,lcallum6i@360.cn,Female,231.54.221.168
236,Maia,Winkworth,mwinkworth6j@tuttocitta.it,Male,86.156.17.96
237,Jacinda,Rudolph,jrudolph6k@time.com,Female,211.180.146.205
238,Edward,Burchatt,eburchatt6l@sina.com.cn,Agender,88.152.5.141
239,Sybille,Rassell,srassell6m@businesswire.com,Female,173.30.204.43
240,Bernie,Sneden,bsneden6n@youtube.com,Male,130.25.10.38
241,Jocelin,Ponter,jponter6o@walmart.com,Genderqueer,19.200.97.138
242,Joann,Bruniges,jbruniges6p@google.cn,Male,44.173.220.114
243,Daren,Srawley,dsrawley6q@weebly.com,Male,111.87.71.193
244,Winne,Springer,wspringer6r@google.nl,Female,141.144.166.130
245,Daryn,Cellier,dcellier6s@dell.com,Female,52.223.244.219
246,Perl,McCathy,pmccathy6t@yandex.ru,Female,200.81.103.151
247,Temp,Collinette,tcollinette6u@unblog.fr,Male,132.49.106.208
248,Hilly,Wetherby,hwetherby6v@redcross.org,Female,199.52.31.180
249,Luisa,Beneix,lbeneix6w@barnesandnoble.com,Male,136.20.220.210
250,Pooh,Pearse,ppearse6x@taobao.com,Female,241.205.44.112
251,Edythe,Collison,ecollison6y@unc.edu,Non-binary,127.117.0.248
252,Deanna,McPheat,dmcpheat6z@prlog.org,Female,193.238.125.3
253,Llywellyn,Wilkin,lwilkin70@oakley.com,Male,102.3.21.70
254,Sher,Warman,swarman71@ifeng.com,Male,33.180.240.122
255,Erv,Batthew,ebatthew72@geocities.com,Female,239.225.76.108
256,Bird,Stede,bstede73@amazon.co.jp,Male,128.67.116.199
257,Otes,Danihel,odanihel74@shop-pro.jp,Male,253.57.96.236
258,Jarrod,Dunseath,jdunseath75@ft.com,Male,230.187.230.182
259,Maximilien,Keave,mkeave76@mayoclinic.com,Female,152.13.30.127
260,Kyle,Crofthwaite,kcrofthwaite77@instagram.com,Female,224.138.112.92
261,Reba,Purdom,rpurdom78@opera.com,Male,79.175.47.91
262,Arri,Jeromson,ajeromson79@mozilla.org,Male,159.87.90.163
263,Connor,Riediger,criediger7a@pcworld.com,Male,117.238.243.35
264,Chrysler,Turrell,cturrell7b@earthlink.net,Female,58.193.130.59
265,Fianna,McMackin,fmcmackin7c@whitehouse.gov,Female,187.227.46.169
266,Honoria,Lundbech,hlundbech7d@reference.com,Male,76.151.231.113
267,Goddart,Nares,gnares7e@twitpic.com,Agender,57.177.209.148
268,Wheeler,Fields,wfields7f@va.gov,Male,103.118.197.85
269,Kale,Gilffillan,kgilffillan7g@nyu.edu,Female,85.41.132.1
270,Cristine,Say,csay7h@eepurl.com,Male,130.254.2.180
271,Leeanne,Derrett,lderrett7i@flavors.me,Female,114.142.91.189
272,Reidar,Charley,rcharley7j@npr.org,Male,185.39.245.3
273,Caroljean,Sides,csides7k@bing.com,Male,4.84.110.245
274,Norah,Lilley,nlilley7l@infoseek.co.jp,Female,210.230.198.136
275,Clarance,Fairbourn,cfairbourn7m@csmonitor.com,Female,41.36.95.134
276,Kleon,Spaducci,kspaducci7n@ycombinator.com,Male,144.126.150.64
277,Deva,Calven,dcalven7o@ameblo.jp,Male,34.136.132.252
278,Robert,Durnall,rdurnall7p@prlog.org,Female,156.69.121.214
279,Matias,Bartlomieczak,mbartlomieczak7q@booking.com,Male,102.147.210.98
280,Byrle,Hug,bhug7r@ihg.com,Non-binary,188.74.108.97
281,Malvin,Limrick,mlimrick7s@stumbleupon.com,Male,151.175.232.131
282,Erinn,Morgan,emorgan7t@dagondesign.com,Female,70.168.158.196
283,Ariadne,Corro,acorro7u@desdev.cn,Male,61.181.227.253
284,Lorena,Chaddock,lchaddock7v@newyorker.com,Male,102.31.91.238
285,Hank,Mabone,hmabone7w@google.nl,Polygender,57.202.116.24
286,Titos,Ladson,tladson7x@omniture.com,Male,93.215.116.174
287,Ingram,Antonopoulos,iantonopoulos7y@blogtalkradio.com,Female,248.164.233.227
288,Mirabel,Bonhome,mbonhome7z@scientificamerican.com,Genderfluid,55.184.214.181
289,Hilarius,Yeomans,hyeomans80@imgur.com,Non-binary,2.105.197.247
290,Ab,Shinfield,ashinfield81@businessweek.com,Genderfluid,38.144.7.115
291,Daile,Casemore,dcasemore82@wunderground.com,Male,197.10.222.68
292,Henri,Pink,hpink83@tamu.edu,Male,60.94.125.192
293,Parnell,Pounsett,ppounsett84@sohu.com,Female,174.66.245.118
294,Codi,Harmes,charmes85@spiegel.de,Male,41.179.203.14
295,Charin,Jovicic,cjovicic86@dailymotion.com,Male,85.89.64.153
296,Margalo,Audsley,maudsley87@census.gov,Male,147.254.130.87
297,Jaclin,Masterton,jmasterton88@wordpress.org,Female,166.176.245.147
298,Sibella,Nozzolii,snozzolii89@skyrock.com,Male,27.29.91.215
299,Torrey,Gurry,tgurry8a@zimbio.com,Male,21.4.72.235
300,Darsie,Northleigh,dnorthleigh8b@sun.com,Female,126.94.251.1
301,Yettie,Colloby,ycolloby8c@mlb.com,Female,26.228.79.39
302,Wakefield,Bleasby,wbleasby8d@salon.com,Female,104.214.233.9
303,Alexander,Cosins,acosins8e@delicious.com,Male,92.101.147.140
304,Alic,Beaten,abeaten8f@unicef.org,Female,111.68.2.249
305,Batholomew,Siggee,bsiggee8g@delicious.com,Female,169.201.204.54
306,Arlina,Shearston,ashearston8h@archive.org,Polygender,8.53.57.119
307,Banky,Marvell,bmarvell8i@imdb.com,Female,86.29.171.102
308,Edita,Klimschak,eklimschak8j@altervista.org,Male,164.120.61.19
309,Germaine,Glanester,gglanester8k@oracle.com,Female,204.152.27.33
310,Meg,Coll,mcoll8l@desdev.cn,Female,166.52.134.136
311,Darsie,Bennetts,dbennetts8m@flavors.me,Female,185.65.218.253
312,Marthe,Maddison,mmaddison8n@infoseek.co.jp,Male,189.199.142.59
313,Bartlett,Ewestace,bewestace8o@cnbc.com,Female,153.151.23.122
314,Nickolai,Bricket,nbricket8p@simplemachines.org,Male,56.14.126.22
315,Delcina,Narramore,dnarramore8q@imgur.com,Female,201.59.241.94
316,Violet,Veale,vveale8r@imageshack.us,Male,96.131.56.204
317,Chauncey,Clausius,cclausius8s@narod.ru,Male,237.227.170.60
318,Kelsi,Eschelle,keschelle8t@merriam-webster.com,Female,19.12.169.157
319,Chrissy,Slator,cslator8u@pcworld.com,Female,19.109.52.253
320,Gilbertine,Donahue,gdonahue8v@tripadvisor.com,Female,139.190.82.174
321,Jacintha,MacColm,jmaccolm8w@list-manage.com,Female,33.244.180.33
322,Gael,Dand,gdand8x@ucoz.ru,Male,144.237.47.48
323,Cherish,Scoggin,cscoggin8y@xrea.com,Male,163.235.58.117
324,Lauralee,Penhall,lpenhall8z@reverbnation.com,Female,16.66.163.226
325,Devora,Hylden,dhylden90@people.com.cn,Female,221.98.113.75
326,Fee,Hawkshaw,fhawkshaw91@un.org,Female,210.55.74.78
327,Alex,Eggins,aeggins92@fema.gov,Male,121.121.126.239
328,Bruce,Blissett,bblissett93@w3.org,Male,153.133.88.73
329,Anne-corinne,Bartoszewicz,abartoszewicz94@mozilla.org,Male,102.75.45.185
330,Trent,Godridge,tgodridge95@1und1.de,Female,44.35.118.54
331,Lorin,Greatrex,lgreatrex96@auda.org.au,Male,40.78.218.164
332,Carina,McPartling,cmcpartling97@slideshare.net,Male,128.123.155.187
333,Andie,Lusted,alusted98@hexun.com,Male,101.98.221.84
334,Jandy,Guilleton,jguilleton99@phpbb.com,Female,101.72.92.240
335,Maighdiln,O'Cahsedy,mocahsedy9a@sciencedirect.com,Female,204.29.51.80
336,Boris,Bodycombe,bbodycombe9b@house.gov,Female,139.3.152.99
337,Chad,Karlqvist,ckarlqvist9c@senate.gov,Female,220.43.138.102
338,Erin,Downe,edowne9d@imageshack.us,Female,174.74.141.20
339,Bruno,Wingate,bwingate9e@adobe.com,Male,74.187.108.40
340,Annie,Bartaletti,abartaletti9f@china.com.cn,Male,254.38.147.196
341,Mead,Medlen,mmedlen9g@seattletimes.com,Polygender,47.164.39.62
342,Helaine,Addie,haddie9h@hatena.ne.jp,Female,228.109.52.42
343,Montague,Breit,mbreit9i@hugedomains.com,Male,24.122.168.31
344,Hildagarde,Kopps,hkopps9j@pinterest.com,Genderqueer,55.58.64.233
345,Kaspar,Itzhak,kitzhak9k@nba.com,Male,106.143.95.178
346,Evered,Giovani,egiovani9l@reverbnation.com,Female,216.218.158.83
347,Betteann,Dettmar,bdettmar9m@delicious.com,Female,181.189.198.158
348,John,Ackenson,jackenson9n@ucsd.edu,Female,246.128.49.24
349,Helena,Kingswold,hkingswold9o@163.com,Male,121.171.12.73
350,Richy,Freddi,rfreddi9p@google.co.jp,Male,67.58.160.231
351,Tiff,Treagust,ttreagust9q@berkeley.edu,Male,155.92.176.30
352,Freemon,Trevaskus,ftrevaskus9r@nymag.com,Male,71.166.21.32
353,Jacquenetta,Figin,jfigin9s@fotki.com,Female,180.206.41.191
354,Cristine,Orrell,correll9t@latimes.com,Bigender,114.239.93.158
355,Sunshine,Iashvili,siashvili9u@ihg.com,Male,129.141.241.136
356,Roselia,Klaessen,rklaessen9v@princeton.edu,Female,9.250.145.217
357,Odette,Haysar,ohaysar9w@1und1.de,Male,18.155.14.95
358,Rance,Kayley,rkayley9x@geocities.com,Female,118.150.37.91
359,Barron,Quinnet,bquinnet9y@youtu.be,Female,166.66.113.246
360,Caitlin,Divall,cdivall9z@cargocollective.com,Female,239.56.12.155
361,Bobbee,Sanchis,bsanchisa0@springer.com,Male,91.62.195.161
362,Danny,Urien,duriena1@reverbnation.com,Bigender,29.78.88.132
363,Sisely,Bech,sbecha2@bizjournals.com,Female,172.149.68.99
364,Armstrong,Avramovic,aavramovica3@sakura.ne.jp,Male,88.136.230.166
365,Kimberly,Rens,krensa4@wikia.com,Male,112.136.230.9
366,Jessee,Southall,jsouthalla5@weebly.com,Female,170.92.156.191
367,Stafani,Romanelli,sromanellia6@gizmodo.com,Male,190.168.113.246
368,Zeke,Havenhand,zhavenhanda7@istockphoto.com,Female,81.8.21.222
369,Jammal,Macia,jmaciaa8@ycombinator.com,Female,108.172.12.74
370,Felisha,Pearn,fpearna9@tamu.edu,Female,196.19.25.12
371,Gretta,Burles,gburlesaa@ask.com,Female,167.183.15.231
372,Bear,Trippick,btrippickab@github.io,Male,181.79.212.225
373,Filberte,Annis,fannisac@tiny.cc,Female,67.203.234.131
374,Flss,Klampt,fklamptad@drupal.org,Male,50.23.167.30
375,Geoffrey,Latehouse,glatehouseae@imgur.com,Female,143.226.241.228
376,Teresa,Hessentaler,thessentaleraf@adobe.com,Male,251.239.15.207
377,Fulton,Scurrell,fscurrellag@1688.com,Female,92.7.119.213
378,Christoffer,Lay,clayah@huffingtonpost.com,Polygender,125.56.255.116
379,Annette,Budden,abuddenai@t-online.de,Female,109.29.118.36
380,Kimberlyn,Ingarfield,kingarfieldaj@ucsd.edu,Female,176.99.7.213
381,Egbert,Pharrow,epharrowak@utexas.edu,Male,221.141.83.145
382,Therine,Molyneux,tmolyneuxal@cbslocal.com,Male,167.43.82.171
383,Frieda,Pescott,fpescottam@typepad.com,Male,60.50.76.44
384,Joe,Doughty,jdoughtyan@xinhuanet.com,Genderqueer,27.206.30.16
385,Faith,Hyams,fhyamsao@guardian.co.uk,Polygender,235.165.99.228
386,Marena,O'Lennane,molennaneap@geocities.jp,Female,183.96.234.124
387,Leontyne,Cosker,lcoskeraq@mapy.cz,Male,235.85.22.95
388,Dela,Haws,dhawsar@spiegel.de,Male,248.64.60.164
389,Tybalt,Pickles,tpicklesas@foxnews.com,Female,59.147.13.134
390,Ursa,Nyland,unylandat@pinterest.com,Male,35.18.203.55
391,Bette,Sieve,bsieveau@biglobe.ne.jp,Male,253.34.24.111
392,Heda,Ricciardello,hricciardelloav@addthis.com,Male,175.36.170.206
393,Edeline,Darbon,edarbonaw@jalbum.net,Female,214.19.23.142
394,Freddie,Gawke,fgawkeax@msn.com,Male,10.55.113.5
395,Burl,McCarrell,bmccarrellay@dion.ne.jp,Female,172.26.215.157
396,Donall,Longworth,dlongworthaz@free.fr,Male,216.169.249.36
397,Anabal,Holcroft,aholcroftb0@weibo.com,Female,14.209.26.214
398,Reider,Wallach,rwallachb1@fotki.com,Male,133.21.160.12
399,Howey,Seabrooke,hseabrookeb2@fotki.com,Female,173.236.91.166
400,Leroi,Farans,lfaransb3@cmu.edu,Genderfluid,102.133.102.94
401,Maitilde,Ondrousek,mondrousekb4@ifeng.com,Male,7.59.3.221
402,Wendall,Cornelis,wcornelisb5@t-online.de,Female,85.4.101.124
403,Frederich,Quarles,fquarlesb6@wikispaces.com,Female,50.96.248.252
404,Ambrose,Hollebon,ahollebonb7@networkadvertising.org,Female,245.11.202.140
405,Lolly,Duckerin,lduckerinb8@moonfruit.com,Male,231.23.196.160
406,Joachim,McCorley,jmccorleyb9@prlog.org,Male,124.105.45.48
407,Callie,McIlheran,cmcilheranba@ebay.co.uk,Male,62.79.123.125
408,Lock,Shackle,lshacklebb@unblog.fr,Male,205.11.70.134
409,Dall,Baggarley,dbaggarleybc@whitehouse.gov,Female,255.204.162.135
410,Mahalia,Ealles,meallesbd@yellowbook.com,Female,211.36.129.132
411,Andie,Genty,agentybe@devhub.com,Polygender,161.137.201.58
412,Caresa,Goady,cgoadybf@diigo.com,Male,7.143.168.168
413,Garwin,Harbord,gharbordbg@php.net,Female,183.11.157.147
414,May,Tollet,mtolletbh@dot.gov,Female,203.34.67.143
415,Rich,Roskruge,rroskrugebi@chicagotribune.com,Female,111.119.144.155
416,Atalanta,Kubec,akubecbj@joomla.org,Male,143.24.140.190
417,Cathyleen,Colegate,ccolegatebk@unblog.fr,Female,178.105.41.47
418,Gussi,Giacubo,ggiacubobl@ed.gov,Male,51.84.157.85
419,Levon,Jenton,ljentonbm@alibaba.com,Male,76.71.14.44
420,Grannie,Murcott,gmurcottbn@networksolutions.com,Female,143.191.48.177
421,Link,Goundsy,lgoundsybo@zdnet.com,Female,88.142.3.84
422,Shari,Greene,sgreenebp@networksolutions.com,Male,82.80.238.147
423,Zerk,Dalgardno,zdalgardnobq@irs.gov,Female,60.121.100.90
424,Steffane,Thornally,sthornallybr@tripod.com,Male,219.212.220.0
425,Alexia,Carass,acarassbs@elegantthemes.com,Genderfluid,131.180.206.72
426,Ethelred,Busain,ebusainbt@kickstarter.com,Female,142.242.121.205
427,Car,Island,cislandbu@mapy.cz,Female,242.47.190.74
428,Cyrus,Bradick,cbradickbv@wsj.com,Male,225.102.192.98
429,Mervin,Leirmonth,mleirmonthbw@hugedomains.com,Bigender,180.26.57.78
430,Mitchel,Pedrollo,mpedrollobx@newsvine.com,Female,147.129.131.238
431,Denny,Darwen,ddarwenby@economist.com,Male,226.62.76.67
432,Noll,Noonan,nnoonanbz@archive.org,Male,14.233.121.96
433,Marcela,Parmenter,mparmenterc0@epa.gov,Female,61.23.106.244
434,Aarika,Joanic,ajoanicc1@unblog.fr,Female,37.2.54.148
435,Willy,Wimms,wwimmsc2@opensource.org,Female,130.24.10.231
436,Hymie,Malinowski,hmalinowskic3@photobucket.com,Agender,110.98.235.122
437,Marrilee,Petrovsky,mpetrovskyc4@chron.com,Female,19.7.117.149
438,Dyna,Sollom,dsollomc5@cisco.com,Female,69.129.58.246
439,Konstance,Chilvers,kchilversc6@china.com.cn,Male,67.99.149.144
440,Carey,Stormonth,cstormonthc7@cloudflare.com,Non-binary,122.153.13.156
441,Eartha,Cod,ecodc8@slideshare.net,Female,28.90.220.101
442,Quintus,Sandison,qsandisonc9@multiply.com,Polygender,231.254.163.89
443,Chick,Bishopp,cbishoppca@xrea.com,Male,83.124.158.13
444,Guntar,O'Mullaney,gomullaneycb@nytimes.com,Female,12.133.228.95
445,Kalie,Spatarul,kspatarulcc@tripod.com,Female,24.100.34.10
446,Rudiger,William,rwilliamcd@webs.com,Female,210.108.52.196
447,Graig,Farnfield,gfarnfieldce@dot.gov,Male,0.88.77.71
448,Bengt,Ellery,bellerycf@ocn.ne.jp,Female,165.251.147.109
449,Eddi,Marishenko,emarishenkocg@miibeian.gov.cn,Female,32.243.193.80
450,Porter,Goodsir,pgoodsirch@amazon.co.jp,Female,140.255.61.5
451,Rooney,Walcher,rwalcherci@g.co,Male,96.227.92.243
452,Federico,Izkovici,fizkovicicj@google.fr,Female,199.255.186.88
453,Edward,Tukely,etukelyck@dell.com,Male,183.168.21.9
454,Liana,Sheber,lshebercl@miibeian.gov.cn,Male,204.154.180.69
455,Alex,Frammingham,aframminghamcm@boston.com,Male,34.51.67.154
456,Donal,Codlin,dcodlincn@trellian.com,Non-binary,188.230.123.239
457,Fabiano,Padgham,fpadghamco@indiegogo.com,Male,37.149.116.242
458,Rochelle,Orviss,rorvisscp@samsung.com,Female,198.157.68.75
459,Ken,Solley,ksolleycq@unblog.fr,Female,156.136.239.164
460,Gardy,Valero,gvalerocr@businesswire.com,Female,166.31.200.19
461,Leontyne,Allawy,lallawycs@blinklist.com,Male,219.171.232.123
462,Paige,Rawls,prawlsct@fema.gov,Male,176.149.207.73
463,Ron,Hayton,rhaytoncu@smh.com.au,Male,21.68.7.95
464,Sheri,Peterken,speterkencv@altervista.org,Male,114.73.115.55
465,Margarethe,Pinkney,mpinkneycw@twitter.com,Male,140.14.206.51
466,Alyson,Grafhom,agrafhomcx@ed.gov,Genderqueer,72.47.22.109
467,Florri,Volke,fvolkecy@who.int,Male,23.36.2.167
468,Adelbert,Jekyll,ajekyllcz@macromedia.com,Female,174.138.115.118
469,Osbourn,Maha,omahad0@ifeng.com,Male,56.143.225.127
470,Merrie,Kerwood,mkerwoodd1@usatoday.com,Male,26.243.75.214
471,Taddeusz,Grocott,tgrocottd2@free.fr,Male,118.11.72.201
472,Jordan,Christon,jchristond3@dedecms.com,Female,179.92.121.206
473,Cordi,Wolfe,cwolfed4@ask.com,Agender,174.134.254.212
474,Anestassia,Cattroll,acattrolld5@scribd.com,Male,8.7.222.122
475,Lorette,Hinksen,lhinksend6@woothemes.com,Female,214.57.35.12
476,Merrill,Roswarn,mroswarnd7@flickr.com,Female,207.114.23.45
477,Tyrus,Montfort,tmontfortd8@bizjournals.com,Female,127.107.168.4
478,Hervey,Douch,hdouchd9@linkedin.com,Male,173.249.134.141
479,Valeda,Pattlel,vpattlelda@state.gov,Female,200.42.229.179
480,Warde,Figgen,wfiggendb@engadget.com,Male,66.34.203.107
481,Staford,Leavry,sleavrydc@usgs.gov,Genderfluid,61.103.30.184
482,Theresina,McKeggie,tmckeggiedd@purevolume.com,Male,69.165.236.4
483,Emelita,Brightling,ebrightlingde@networkadvertising.org,Male,9.5.197.221
484,Ariella,Turone,aturonedf@discuz.net,Male,128.197.229.18
485,Carolan,Treher,ctreherdg@ebay.co.uk,Female,210.166.176.133
486,Artemis,Reignolds,areignoldsdh@forbes.com,Female,59.145.37.11
487,Winnah,Mertgen,wmertgendi@godaddy.com,Female,144.250.126.40
488,Lavinia,Quainton,lquaintondj@pen.io,Female,128.191.125.221
489,Elka,Micheu,emicheudk@imgur.com,Polygender,231.80.112.101
490,Eldon,Skitt,eskittdl@loc.gov,Female,162.62.61.5
491,Adolphe,Hopkyns,ahopkynsdm@nydailynews.com,Male,251.185.107.254
492,Bealle,Le Pine,blepinedn@bloomberg.com,Female,125.134.37.222
493,Caldwell,Tumasian,ctumasiando@wunderground.com,Female,83.107.186.184
494,Giustino,Carpe,gcarpedp@domainmarket.com,Female,38.31.116.125
495,Loretta,Dietmar,ldietmardq@wix.com,Genderqueer,73.145.238.156
496,Ange,Clixby,aclixbydr@prlog.org,Female,180.72.122.151
497,Kim,Bodycombe,kbodycombeds@cbc.ca,Male,69.207.226.145
498,Had,Rougier,hrougierdt@columbia.edu,Male,7.43.42.126
499,Laverna,Griffoen,lgriffoendu@naver.com,Male,42.69.226.144
500,Mignonne,New,mnewdv@freewebs.com,Male,211.232.1.180
501,Brod,Destouche,bdestouchedw@e-recht24.de,Male,209.25.34.220
502,Emelyne,Cay,ecaydx@wikispaces.com,Male,93.178.156.59
503,Norry,Vasler,nvaslerdy@rambler.ru,Agender,91.110.32.32
504,Jeanette,Verry,jverrydz@sakura.ne.jp,Female,95.252.101.179
505,Aluin,Grooby,agroobye0@washingtonpost.com,Female,66.216.74.14
506,Buffy,Simm,bsimme1@nps.gov,Male,191.102.174.125
507,Jacquelin,Ramage,jramagee2@stumbleupon.com,Male,41.54.47.64
508,Beitris,Crim,bcrime3@ox.ac.uk,Male,200.143.70.29
509,Wye,Norwell,wnorwelle4@yelp.com,Genderfluid,90.178.213.169
510,Cly,Murphy,cmurphye5@flickr.com,Female,141.38.164.158
511,Rab,Fydo,rfydoe6@naver.com,Female,122.88.149.117
512,Sarina,Geleman,sgelemane7@unesco.org,Female,208.252.227.13
513,Brittani,Zanardii,bzanardiie8@bravesites.com,Male,189.219.173.197
514,Olvan,Birtley,obirtleye9@digg.com,Male,13.100.109.209
515,Carroll,Cramond,ccramondea@usnews.com,Polygender,178.126.97.83
516,Carlina,Dowsett,cdowsetteb@sohu.com,Male,249.2.33.66
517,Shannon,Dowber,sdowberec@tinyurl.com,Female,101.3.129.37
518,Donna,Burge,dburgeed@bloglovin.com,Male,0.254.85.48
519,Steward,Jossum,sjossumee@shareasale.com,Female,18.154.90.26
520,Jud,MacSherry,jmacsherryef@godaddy.com,Female,212.221.62.27
521,Theodoric,Keyse,tkeyseeg@hibu.com,Male,184.88.18.43
522,Lock,Farren,lfarreneh@usa.gov,Male,201.130.71.73
523,Merrill,Purcer,mpurcerei@indiatimes.com,Male,50.197.165.179
524,Emmalynne,Nouch,enouchej@yahoo.com,Female,207.198.229.255
525,Darrell,Foulger,dfoulgerek@narod.ru,Male,130.83.49.113
526,Bentley,Rabidge,brabidgeel@google.co.uk,Female,161.97.85.247
527,Helge,Klulicek,hklulicekem@tinypic.com,Female,161.156.248.239
528,Goraud,Gloucester,ggloucesteren@technorati.com,Female,227.153.138.86
529,Claiborne,Forth,cfortheo@forbes.com,Male,43.114.165.130
530,Doroteya,Waight,dwaightep@skyrock.com,Male,211.251.106.208
531,Chancey,Drackford,cdrackfordeq@imgur.com,Female,216.82.142.248
532,Gaspard,Bodley,gbodleyer@pagesperso-orange.fr,Agender,216.187.168.121
533,Gradey,Basilio,gbasilioes@woothemes.com,Male,175.35.189.236
534,Esta,Muglestone,emuglestoneet@addtoany.com,Female,115.7.69.200
535,Adelheid,Ketton,akettoneu@springer.com,Male,160.222.119.245
536,Brenda,Dyter,bdyterev@youku.com,Female,233.209.17.67
537,Olenka,Burgwin,oburgwinew@g.co,Female,75.236.203.229
538,Tedi,McLugish,tmclugishex@ycombinator.com,Female,239.40.235.3
539,Dilan,Sachno,dsachnoey@artisteer.com,Female,245.117.179.0
540,Bobbi,Hayden,bhaydenez@skyrock.com,Female,32.188.241.61
541,Fidelia,Rubenchik,frubenchikf0@washington.edu,Female,185.167.59.130
542,Correna,Canet,ccanetf1@cafepress.com,Female,154.18.165.255
543,Anabel,Inchcomb,ainchcombf2@nydailynews.com,Male,32.235.80.130
544,Vivianna,Kinton,vkintonf3@thetimes.co.uk,Male,45.226.246.6
545,Catherine,Alliott,calliottf4@home.pl,Male,127.109.211.117
546,Malcolm,McKeighen,mmckeighenf5@hubpages.com,Male,19.124.198.45
547,Aylmar,Goldwater,agoldwaterf6@ucoz.ru,Female,207.142.68.205
548,Ammamaria,Walkling,awalklingf7@mapy.cz,Female,235.232.216.185
549,Thornie,Klimas,tklimasf8@netscape.com,Non-binary,16.147.153.248
550,Erie,Stormont,estormontf9@nytimes.com,Female,254.223.171.118
551,Meridith,Spehr,mspehrfa@de.vu,Polygender,27.74.17.45
552,Deane,Chate,dchatefb@liveinternet.ru,Female,127.101.79.84
553,Andy,Dionisi,adionisifc@soup.io,Male,217.115.214.78
554,Nealy,Grasha,ngrashafd@xing.com,Agender,64.17.61.166
555,Joycelin,Thursby,jthursbyfe@answers.com,Female,121.6.94.239
556,Alaine,Etherton,aethertonff@ebay.co.uk,Male,163.71.81.126
557,Crissy,Vedikhov,cvedikhovfg@cyberchimps.com,Female,86.62.176.123
558,Vickie,Gillean,vgilleanfh@cornell.edu,Male,131.58.247.87
559,Abbott,Rupke,arupkefi@chron.com,Female,146.174.22.60
560,Lou,Wilstead,lwilsteadfj@quantcast.com,Female,114.39.6.110
561,Clio,Kubicki,ckubickifk@ocn.ne.jp,Male,228.255.250.252
562,Dacie,Sprott,dsprottfl@techcrunch.com,Male,175.163.220.133
563,Nicolas,Paskin,npaskinfm@forbes.com,Female,42.168.216.38
564,Nico,Easterby,neasterbyfn@hc360.com,Male,57.46.23.144
565,Celestina,Norker,cnorkerfo@usgs.gov,Bigender,45.180.80.70
566,Dolores,Sola,dsolafp@buzzfeed.com,Female,3.70.17.164
567,Kirstyn,Glasser,kglasserfq@cpanel.net,Female,115.175.98.243
568,Meier,Streak,mstreakfr@ovh.net,Male,84.26.215.16
569,Massimiliano,Copin,mcopinfs@webeden.co.uk,Male,200.233.37.183
570,Leroi,Lakenden,llakendenft@ustream.tv,Female,236.189.162.80
571,Rudiger,MacCook,rmaccookfu@blogs.com,Female,46.15.205.193
572,Lexine,Longmate,llongmatefv@sbwire.com,Male,19.70.65.157
573,Colver,Sangwin,csangwinfw@usgs.gov,Female,230.235.238.194
574,Vick,Reynoldson,vreynoldsonfx@github.com,Female,229.62.115.158
575,Beaufort,Matousek,bmatousekfy@wikispaces.com,Male,68.68.4.177
576,Annette,Clawson,aclawsonfz@mashable.com,Female,45.143.85.78
577,Willetta,Shemelt,wshemeltg0@nymag.com,Female,161.76.16.245
578,Jewel,Keene,jkeeneg1@artisteer.com,Female,100.199.144.56
579,Lorelei,Dowda,ldowdag2@goo.ne.jp,Male,146.36.27.182
580,Waylin,Bolduc,wbolducg3@noaa.gov,Female,120.225.14.177
581,Berni,Clemot,bclemotg4@fema.gov,Genderfluid,35.159.1.107
582,Wenona,Petrovykh,wpetrovykhg5@seesaa.net,Male,223.164.58.167
583,Julie,Davidson,jdavidsong6@washingtonpost.com,Male,246.187.186.130
584,Gae,Baitman,gbaitmang7@unc.edu,Female,30.120.89.10
585,Cole,Shelford,cshelfordg8@who.int,Male,110.48.228.116
586,Kellie,Benez,kbenezg9@psu.edu,Female,72.135.143.243
587,Diannne,Pibworth,dpibworthga@a8.net,Non-binary,240.88.48.49
588,Yuri,Leteurtre,yleteurtregb@cnn.com,Bigender,250.96.58.167
589,Rivi,Kensley,rkensleygc@indiatimes.com,Female,182.94.197.188
590,Morgen,Tern,mterngd@studiopress.com,Male,217.123.81.41
591,Skip,Ayliffe,sayliffege@blogtalkradio.com,Female,80.230.149.240
592,Penelopa,Pietsma,ppietsmagf@e-recht24.de,Female,94.43.26.107
593,Elke,Triggol,etriggolgg@gov.uk,Male,133.61.70.27
594,Herschel,Winckle,hwincklegh@php.net,Female,106.48.220.121
595,Teodor,Jenney,tjenneygi@harvard.edu,Female,201.196.252.4
596,Con,Coffelt,ccoffeltgj@youtube.com,Female,163.21.112.76
597,Raleigh,Urling,rurlinggk@purevolume.com,Female,245.239.164.34
598,Marcela,Balm,mbalmgl@newyorker.com,Female,10.7.53.218
599,Griffy,Turney,gturneygm@sciencedirect.com,Genderqueer,78.78.11.155
600,Marla,Greveson,mgrevesongn@cnn.com,Male,235.155.210.173
601,Selinda,Tremlett,stremlettgo@dailymail.co.uk,Female,206.122.181.95
602,Sigfried,Burkart,sburkartgp@webnode.com,Female,192.155.231.23
603,Xaviera,Pittman,xpittmangq@gravatar.com,Female,184.167.32.20
604,Evangelina,Di Giacomo,edigiacomogr@mail.ru,Male,120.106.76.133
605,Kerry,Sacchetti,ksacchettigs@opensource.org,Female,76.65.93.143
606,Mateo,Herculeson,mherculesongt@pbs.org,Female,129.103.81.78
607,Neda,Olekhov,nolekhovgu@tinyurl.com,Bigender,176.246.191.205
608,Reidar,Del Dello,rdeldellogv@gravatar.com,Male,97.13.226.253
609,Melodee,Gauden,mgaudengw@kickstarter.com,Male,197.60.85.131
610,Josey,Arnefield,jarnefieldgx@mediafire.com,Female,229.251.68.242
611,Cordie,Pettifor,cpettiforgy@hexun.com,Male,218.49.174.61
612,Jonathon,McCallion,jmccalliongz@omniture.com,Female,75.28.118.247
613,Bax,Elesander,belesanderh0@edublogs.org,Male,212.90.39.205
614,Neala,Dugget,nduggeth1@businesswire.com,Male,163.42.150.241
615,Dorrie,Rowberry,drowberryh2@cbslocal.com,Male,25.17.154.69
616,Nester,Ewins,newinsh3@123-reg.co.uk,Female,50.200.236.124
617,Benoite,Cardoo,bcardooh4@nydailynews.com,Female,248.58.199.195
618,Tiphani,Currey,tcurreyh5@hp.com,Polygender,93.21.109.166
619,Janeen,Skehens,jskehensh6@webs.com,Female,183.142.235.193
620,Garrot,Reuven,greuvenh7@ucsd.edu,Male,121.224.148.94
621,Melosa,Slingsby,mslingsbyh8@hao123.com,Male,139.159.85.129
622,Kennie,Eales,kealesh9@hud.gov,Male,133.23.137.174
623,Hedy,Halesworth,hhalesworthha@google.ca,Agender,255.160.132.87
624,Hilarius,Bradforth,hbradforthhb@squarespace.com,Genderfluid,45.190.215.134
625,Gray,Brunskill,gbrunskillhc@harvard.edu,Female,217.51.32.200
626,Josephine,Schwandner,jschwandnerhd@multiply.com,Female,122.23.191.119
627,Alyosha,Wedmore.,awedmorehe@miitbeian.gov.cn,Male,132.170.251.79
628,Grove,Threadgould,gthreadgouldhf@microsoft.com,Male,221.129.206.17
629,Roderich,Cavendish,rcavendishhg@php.net,Male,174.109.83.158
630,Lauretta,Itzchaky,litzchakyhh@sciencedirect.com,Male,16.58.77.247
631,Jaquenetta,Kaas,jkaashi@intel.com,Male,179.67.24.150
632,Marybeth,Leeman,mleemanhj@cbslocal.com,Female,174.122.11.69
633,Leontyne,Pallas,lpallashk@si.edu,Female,109.14.186.72
634,Jody,Orpwood,jorpwoodhl@jigsy.com,Male,149.204.84.152
635,Layton,Horlick,lhorlickhm@npr.org,Male,82.170.127.6
636,Clayborne,MacLese,cmaclesehn@epa.gov,Male,242.187.142.153
637,Leland,Blenkin,lblenkinho@163.com,Male,217.240.5.11
638,Cole,Zorzetti,czorzettihp@bloglines.com,Male,96.68.169.230
639,Ronna,cornhill,rcornhillhq@baidu.com,Male,17.109.26.98
640,Jodee,McGennis,jmcgennishr@ox.ac.uk,Non-binary,180.33.56.229
641,Dalenna,Hooban,dhoobanhs@illinois.edu,Male,9.0.183.163
642,Terri,Stelli,tstelliht@boston.com,Male,86.7.143.169
643,Vally,Giacomoni,vgiacomonihu@printfriendly.com,Female,211.112.181.46
644,Charlotta,Goom,cgoomhv@slideshare.net,Male,60.36.32.2
645,Cathi,Balasini,cbalasinihw@sina.com.cn,Female,168.69.245.35
646,Goldy,Pounsett,gpounsetthx@about.com,Male,173.125.163.13
647,Veronique,Macbane,vmacbanehy@bravesites.com,Male,125.192.30.37
648,Rosaline,O'Rudden,roruddenhz@auda.org.au,Female,135.58.201.169
649,Iorgo,D'Aubney,idaubneyi0@toplist.cz,Female,36.56.183.71
650,Stinky,Brodbin,sbrodbini1@elpais.com,Male,7.130.226.206
651,Levon,Seignior,lseigniori2@nba.com,Female,25.89.109.63
652,Ad,Jindrak,ajindraki3@nydailynews.com,Male,172.48.64.197
653,Hinda,Forward,hforwardi4@tumblr.com,Female,215.227.195.75
654,Mellisa,Baitson,mbaitsoni5@aol.com,Male,232.33.8.31
655,Horatius,Howland,hhowlandi6@macromedia.com,Male,187.144.56.33
656,Ellene,Tamblingson,etamblingsoni7@china.com.cn,Female,118.2.128.29
657,Cherice,Nathon,cnathoni8@imdb.com,Non-binary,55.30.82.157
658,Clemmy,Firebrace,cfirebracei9@histats.com,Male,150.120.166.213
659,Shelba,Maccraw,smaccrawia@alexa.com,Female,103.47.77.213
660,Kameko,Roebottom,kroebottomib@aol.com,Female,106.202.24.105
661,Magdaia,Locke,mlockeic@behance.net,Male,61.127.26.191
662,Lorelei,Revie,lrevieid@biblegateway.com,Polygender,16.67.75.57
663,Norina,Sirmon,nsirmonie@dedecms.com,Female,243.189.119.16
664,Jodi,Jepensen,jjepensenif@irs.gov,Female,167.221.124.102
665,Salvador,Gwyther,sgwytherig@examiner.com,Male,163.200.176.65
666,Horst,Floch,hflochih@i2i.jp,Non-binary,231.220.242.154
667,Emlyn,Karle,ekarleii@apple.com,Female,233.80.236.47
668,Lay,Brann,lbrannij@gravatar.com,Female,133.226.177.232
669,Eimile,Coslett,ecoslettik@telegraph.co.uk,Male,238.105.142.150
670,Nealson,Stronge,nstrongeil@rambler.ru,Female,120.28.76.72
671,Shaun,Bryceson,sbrycesonim@ted.com,Male,195.84.39.202
672,Curtice,Rampton,cramptonin@msu.edu,Female,190.27.106.97
673,Kerstin,Crinkley,kcrinkleyio@cbslocal.com,Female,83.199.18.186
674,Cordi,Spores,csporesip@qq.com,Male,249.30.172.6
675,Creigh,Garrad,cgarradiq@jigsy.com,Female,8.25.200.5
676,L;urette,Mazzilli,lmazzilliir@boston.com,Agender,210.36.148.185
677,Monty,Tivers,mtiversis@ehow.com,Male,39.186.155.151
678,Rochester,Jecock,rjecockit@bloglines.com,Male,106.189.92.115
679,Miriam,Reddings,mreddingsiu@tumblr.com,Male,173.191.39.4
680,Wendye,Columbell,wcolumbelliv@google.cn,Male,26.161.46.74
681,Sylvia,Sigmund,ssigmundiw@twitter.com,Female,71.30.231.22
682,Valli,Suett,vsuettix@google.it,Male,80.153.92.216
683,Elie,Gyurko,egyurkoiy@cyberchimps.com,Female,222.125.25.255
684,Danila,MacAnellye,dmacanellyeiz@joomla.org,Male,140.95.156.167
685,Mellisent,Arni,marnij0@dailymotion.com,Female,53.226.20.158
686,Danny,Jantot,djantotj1@flavors.me,Female,10.4.57.108
687,Hilliard,Rhys,hrhysj2@arstechnica.com,Male,58.20.222.56
688,Willy,Tosney,wtosneyj3@is.gd,Male,223.54.31.12
689,Bo,Kluger,bklugerj4@freewebs.com,Bigender,11.125.196.81
690,Stella,Worters,swortersj5@tmall.com,Female,33.193.203.81
691,Dehlia,Brash,dbrashj6@kickstarter.com,Male,215.29.61.2
692,Ringo,Gittins,rgittinsj7@arizona.edu,Female,70.4.167.249
693,Hilary,Scoon,hscoonj8@redcross.org,Female,169.188.80.126
694,Maure,Bonallick,mbonallickj9@twitter.com,Female,28.0.182.136
695,Tuckie,Sleith,tsleithja@mysql.com,Male,160.103.45.232
696,Aurelia,Naris,anarisjb@sbwire.com,Female,52.154.190.9
697,Collete,Ferenczi,cferenczijc@newyorker.com,Female,66.139.251.85
698,Sonia,Metheringham,smetheringhamjd@cnn.com,Genderqueer,227.62.149.178
699,Yevette,Dullaghan,ydullaghanje@patch.com,Genderqueer,143.90.107.14
700,Mariel,Gladdin,mgladdinjf@va.gov,Male,40.239.71.12
701,Homer,Huggin,hhugginjg@squarespace.com,Bigender,189.123.231.207
702,Enriqueta,Lugton,elugtonjh@feedburner.com,Agender,206.162.117.217
703,Keary,Tassaker,ktassakerji@engadget.com,Female,159.64.78.111
704,Philip,Roxby,proxbyjj@ning.com,Female,156.50.193.111
705,Dolores,Deare,ddearejk@nymag.com,Female,123.125.181.55
706,Bartlett,Buckell,bbuckelljl@arstechnica.com,Male,226.21.199.43
707,Clayton,Launder,claunderjm@cbslocal.com,Female,194.87.127.32
708,Merle,Pickavance,mpickavancejn@dagondesign.com,Female,108.195.244.160
709,Kelci,Janiak,kjaniakjo@nba.com,Female,87.225.60.132
710,Werner,Ewbanke,wewbankejp@123-reg.co.uk,Agender,71.133.126.80
711,Patrizius,Aloway,palowayjq@bizjournals.com,Non-binary,131.176.10.37
712,Emmye,Noell,enoelljr@mediafire.com,Male,239.50.53.146
713,Tynan,Fillis,tfillisjs@yahoo.co.jp,Male,141.21.209.255
714,Larry,Calf,lcalfjt@house.gov,Male,200.160.83.247
715,Guillema,Shilton,gshiltonju@ovh.net,Male,58.129.145.16
716,Padgett,Moncrieffe,pmoncrieffejv@naver.com,Polygender,64.51.113.193
717,Trstram,Castelin,tcastelinjw@dailymotion.com,Male,60.11.84.129
718,Isadora,Mandy,imandyjx@spotify.com,Female,233.151.222.24
719,Matelda,Rayner,mraynerjy@de.vu,Male,238.51.142.75
720,Artemas,Lightning,alightningjz@gizmodo.com,Male,62.194.238.48
721,Urban,McLeish,umcleishk0@hc360.com,Male,92.241.179.147
722,Worthington,Mold,wmoldk1@jimdo.com,Male,81.59.243.161
723,Camellia,Denyukin,cdenyukink2@1688.com,Female,21.148.17.179
724,Justina,Urlich,jurlichk3@cdc.gov,Female,154.140.113.211
725,Hatty,Yakovitch,hyakovitchk4@freewebs.com,Male,150.238.206.235
726,Lorain,Pattesall,lpattesallk5@bandcamp.com,Female,254.231.145.220
727,Kirbee,Lardez,klardezk6@dyndns.org,Male,38.236.30.83
728,Luz,Marcussen,lmarcussenk7@printfriendly.com,Male,88.81.248.120
729,Johanna,Noad,jnoadk8@tiny.cc,Male,161.73.211.44
730,Ellyn,Spragge,espraggek9@cnet.com,Female,164.72.57.126
731,Kipper,Jeffs,kjeffska@ustream.tv,Female,38.236.158.203
732,Jeanna,Houlison,jhoulisonkb@jiathis.com,Male,173.126.157.92
733,Aurelea,Goodredge,agoodredgekc@1und1.de,Male,174.193.196.214
734,Ardyth,Trayling,atraylingkd@un.org,Male,7.168.198.85
735,Ximenes,Simcock,xsimcockke@example.com,Agender,135.227.234.170
736,Leighton,Vasin,lvasinkf@ihg.com,Male,55.198.62.67
737,Corey,Shoemark,cshoemarkkg@wikipedia.org,Female,107.218.112.139
738,Denys,Dombrell,ddombrellkh@goodreads.com,Female,158.122.220.118
739,Halette,Stanion,hstanionki@intel.com,Genderfluid,73.91.110.156
740,Robina,Quakley,rquakleykj@archive.org,Male,135.198.191.110
741,Dorothee,Joan,djoankk@4shared.com,Male,228.255.140.138
742,Anastasia,Rustadge,arustadgekl@wp.com,Male,75.156.110.159
743,Gillian,Fife,gfifekm@devhub.com,Female,39.163.160.228
744,Darb,Vasilevich,dvasilevichkn@redcross.org,Female,108.151.67.55
745,Kendell,Phillcox,kphillcoxko@blinklist.com,Male,104.242.39.27
746,Harwilll,Whitton,hwhittonkp@chicagotribune.com,Female,193.183.238.171
747,Ruthanne,Klemke,rklemkekq@nifty.com,Genderqueer,203.254.59.234
748,Ethelred,Beasant,ebeasantkr@amazon.com,Female,32.18.36.42
749,Lenore,Bazeley,lbazeleyks@webnode.com,Female,86.117.18.165
750,Mattheus,Dummett,mdummettkt@slate.com,Female,98.99.231.193
751,Tandie,Stutard,tstutardku@google.com.br,Male,39.163.27.145
752,Meris,Dockwra,mdockwrakv@ca.gov,Male,52.230.148.187
753,Brandy,Berceros,bberceroskw@moonfruit.com,Female,124.61.200.251
754,Roderigo,Wilkison,rwilkisonkx@wp.com,Female,15.133.160.33
755,Bernadene,Storry,bstorryky@123-reg.co.uk,Agender,114.140.235.89
756,Mikaela,Mignot,mmignotkz@goodreads.com,Female,255.199.118.98
757,Cyrill,MacNish,cmacnishl0@comsenz.com,Male,194.196.111.34
758,Kaylyn,Bennett,kbennettl1@dion.ne.jp,Female,247.18.22.186
759,Nadine,Birkinshaw,nbirkinshawl2@twitter.com,Male,16.218.59.112
760,Nomi,Colbertson,ncolbertsonl3@w3.org,Male,58.101.200.19
761,Elsa,Fields,efieldsl4@twitter.com,Female,166.79.162.200
762,Wini,Kupis,wkupisl5@diigo.com,Female,31.121.188.160
763,Ephraim,Cavanaugh,ecavanaughl6@qq.com,Male,21.44.124.223
764,Kassi,Bottrell,kbottrelll7@topsy.com,Female,236.90.236.174
765,Ursala,Hallor,uhallorl8@hp.com,Male,27.16.9.16
766,Curt,Dye,cdyel9@4shared.com,Female,235.183.247.63
767,Chelsie,McCarthy,cmccarthyla@nhs.uk,Polygender,234.121.107.186
768,Constantine,Biggam,cbiggamlb@google.com,Female,46.188.26.64
769,Aindrea,Edington,aedingtonlc@twitter.com,Female,233.143.167.239
770,Carling,Salthouse,csalthouseld@cbc.ca,Female,180.203.54.93
771,Shanna,Ivanchenkov,sivanchenkovle@addtoany.com,Female,100.43.13.4
772,Fanni,Rubie,frubielf@vinaora.com,Female,252.59.191.199
773,Thibaut,Schreurs,tschreurslg@jiathis.com,Female,137.131.26.22
774,Kelley,Mersh,kmershlh@goo.ne.jp,Male,29.229.152.114
775,Laurice,Ickovicz,lickoviczli@umich.edu,Male,95.21.34.222
776,Tillie,Allmann,tallmannlj@utexas.edu,Female,32.124.204.208
777,Theodora,Staterfield,tstaterfieldlk@comsenz.com,Female,115.254.252.146
778,Jennee,Cairney,jcairneyll@parallels.com,Male,25.89.172.54
779,Elwira,Mollatt,emollattlm@shutterfly.com,Male,192.131.252.16
780,Juliet,Melbury,jmelburyln@sohu.com,Female,110.110.254.67
781,Wynnie,Scrowton,wscrowtonlo@ox.ac.uk,Female,233.32.25.98
782,Cahra,Dallyn,cdallynlp@dailymail.co.uk,Female,166.6.192.245
783,Mureil,Aireton,mairetonlq@weibo.com,Female,38.216.146.126
784,Maxwell,Coopman,mcoopmanlr@linkedin.com,Female,74.151.80.231
785,Reeba,Slyvester,rslyvesterls@gov.uk,Male,72.171.80.159
786,Gerti,Strongman,gstrongmanlt@cmu.edu,Male,7.53.91.236
787,Kally,Graser,kgraserlu@alibaba.com,Female,250.86.18.164
788,Marinna,Seywood,mseywoodlv@gravatar.com,Male,222.204.31.212
789,Oran,Mathes,omatheslw@sciencedaily.com,Female,147.238.98.184
790,Julie,Pettitt,jpettittlx@nba.com,Male,228.220.158.198
791,Lilly,Stormont,lstormontly@storify.com,Male,0.251.98.23
792,Clare,Sharp,csharplz@naver.com,Female,229.20.72.246
793,Daffi,Schall,dschallm0@hhs.gov,Male,137.207.54.103
794,Kelly,Stairs,kstairsm1@pinterest.com,Bigender,178.173.218.29
795,Danell,Entwisle,dentwislem2@earthlink.net,Male,225.11.218.80
796,Tanney,Evelyn,tevelynm3@wufoo.com,Male,97.209.54.121
797,Joelynn,Bloor,jbloorm4@java.com,Female,34.50.114.95
798,Rey,Amphlett,ramphlettm5@jugem.jp,Female,140.54.103.231
799,Corny,Arboin,carboinm6@newyorker.com,Female,225.178.115.84
800,Linda,Coppledike,lcoppledikem7@boston.com,Male,205.45.221.91
801,Donnamarie,Jills,djillsm8@java.com,Male,207.216.88.231
802,Stepha,Armal,sarmalm9@ning.com,Female,89.125.215.120
803,Kalina,Booi,kbooima@example.com,Female,178.156.173.223
804,Nicole,Copnar,ncopnarmb@fema.gov,Female,35.34.167.247
805,Theobald,Andrusov,tandrusovmc@addthis.com,Female,178.92.219.164
806,Felicle,Mackison,fmackisonmd@cbslocal.com,Female,147.169.80.159
807,Rois,Paddefield,rpaddefieldme@deviantart.com,Female,98.31.195.10
808,Hubey,Mabbot,hmabbotmf@ibm.com,Female,80.105.144.38
809,Ingeborg,Limpertz,ilimpertzmg@etsy.com,Female,15.217.0.108
810,Michal,Pauwel,mpauwelmh@youtube.com,Male,149.141.165.157
811,Michal,Derr,mderrmi@discuz.net,Female,8.128.237.93
812,Olympie,Vardey,ovardeymj@bizjournals.com,Female,185.125.166.213
813,Way,Ladell,wladellmk@youtu.be,Female,80.167.116.207
814,Mickie,Ianniello,miannielloml@slideshare.net,Female,150.197.150.198
815,Crosby,Carleman,ccarlemanmm@devhub.com,Male,38.60.107.63
816,Marika,Haime,mhaimemn@weibo.com,Genderqueer,36.164.157.43
817,Odette,Henstridge,ohenstridgemo@g.co,Female,12.119.3.232
818,Desirae,Astell,dastellmp@cpanel.net,Male,174.24.147.187
819,Rochella,Espie,respiemq@biglobe.ne.jp,Female,74.188.73.194
820,Gail,Stobbe,gstobbemr@blogger.com,Female,74.90.82.68
821,Ester,Wadforth,ewadforthms@hc360.com,Male,63.141.241.189
822,Felipe,Gurg,fgurgmt@cnn.com,Male,71.132.235.84
823,Dilan,Vogeler,dvogelermu@pinterest.com,Female,196.113.2.124
824,Leroy,Oseman,losemanmv@nhs.uk,Male,229.68.113.234
825,Glenda,Gladdifh,ggladdifhmw@nytimes.com,Male,239.57.179.223
826,Carolynn,Brearton,cbreartonmx@dmoz.org,Female,227.228.162.253
827,Reggy,Fowgies,rfowgiesmy@yale.edu,Male,248.84.115.114
828,Amelina,Scotchmur,ascotchmurmz@list-manage.com,Male,75.58.207.80
829,Ingemar,Solesbury,isolesburyn0@sciencedaily.com,Male,24.234.35.146
830,Phineas,Storie,pstorien1@bizjournals.com,Male,31.28.129.99
831,Mervin,Harower,mharowern2@weebly.com,Female,75.71.170.228
832,Merrile,Ellings,mellingsn3@vinaora.com,Female,31.111.222.24
833,Elsy,Demchen,edemchenn4@themeforest.net,Female,33.56.132.201
834,Kennith,Scarrisbrick,kscarrisbrickn5@cyberchimps.com,Male,39.246.246.212
835,Marlie,Chinn,mchinnn6@bbc.co.uk,Genderqueer,146.244.236.62
836,Shaun,Creeber,screebern7@skyrock.com,Female,48.42.7.131
837,Albie,Garey,agareyn8@theglobeandmail.com,Male,172.224.52.16
838,Pamella,Bussy,pbussyn9@angelfire.com,Female,10.138.102.27
839,Loleta,Lanham,llanhamna@w3.org,Male,183.121.149.140
840,Gisele,Moncrefe,gmoncrefenb@whitehouse.gov,Male,141.57.18.255
841,Heinrik,O'Lahy,holahync@hhs.gov,Male,203.143.194.204
842,Derby,Riche,drichend@domainmarket.com,Male,22.2.198.41
843,Bartlet,Odger,bodgerne@vk.com,Male,115.145.195.90
844,Gunar,Leynham,gleynhamnf@moonfruit.com,Male,54.28.50.164
845,Quentin,Falkner,qfalknerng@csmonitor.com,Female,48.170.47.133
846,Isac,Karlqvist,ikarlqvistnh@4shared.com,Female,22.34.52.87
847,Jessey,Pedrollo,jpedrolloni@jugem.jp,Male,16.237.251.241
848,Mufi,Isacoff,misacoffnj@shutterfly.com,Agender,190.40.122.15
849,Christophorus,Dinnies,cdinniesnk@weebly.com,Female,170.14.247.216
850,Ondrea,Habron,ohabronnl@yahoo.com,Female,173.22.193.230
851,Radcliffe,Rodolf,rrodolfnm@hostgator.com,Female,53.223.28.57
852,Rena,Scahill,rscahillnn@bizjournals.com,Male,65.222.172.120
853,Gar,Ingliby,ginglibyno@scribd.com,Male,250.136.137.101
854,Almeria,Bishell,abishellnp@bbb.org,Male,193.133.77.93
855,Ab,Rycraft,arycraftnq@feedburner.com,Bigender,85.200.149.175
856,Min,Waby,mwabynr@networkadvertising.org,Male,41.71.99.227
857,Mira,Yurivtsev,myurivtsevns@yolasite.com,Female,117.255.209.107
858,Sandie,Udall,sudallnt@goodreads.com,Male,11.137.65.190
859,Hugibert,Lankester,hlankesternu@uol.com.br,Genderqueer,166.66.230.66
860,Virginia,Marians,vmariansnv@icq.com,Male,87.63.87.168
861,Ines,Poter,ipoternw@nytimes.com,Male,5.103.214.115
862,Stinky,Gallaccio,sgallaccionx@liveinternet.ru,Male,187.121.66.230
863,Val,Sisey,vsiseyny@usnews.com,Male,92.123.194.189
864,Abbott,Yesenin,ayeseninnz@sina.com.cn,Female,214.62.75.95
865,Carlin,Konerding,ckonerdingo0@biblegateway.com,Male,242.20.204.114
866,Abraham,Butterwick,abutterwicko1@cnn.com,Female,196.87.233.174
867,Ethelin,Summerlee,esummerleeo2@mayoclinic.com,Male,138.8.145.176
868,Hal,Laity,hlaityo3@ezinearticles.com,Male,94.162.11.245
869,Barry,Timbridge,btimbridgeo4@blog.com,Female,238.139.19.15
870,Theodore,Townley,ttownleyo5@elpais.com,Female,215.69.177.162
871,Demetri,Topes,dtopeso6@usa.gov,Male,129.176.252.67
872,Tania,Pandey,tpandeyo7@google.pl,Male,202.86.3.212
873,Bartholomeo,Freschi,bfreschio8@friendfeed.com,Male,186.108.104.113
874,Irina,Doey,idoeyo9@google.nl,Male,227.50.44.13
875,Kimball,Waind,kwaindoa@senate.gov,Female,229.17.152.153
876,Brit,Haugeh,bhaugehob@bizjournals.com,Male,1.150.249.207
877,Georges,Cherry,gcherryoc@youtu.be,Bigender,244.96.155.231
878,Cobby,Aylin,caylinod@gnu.org,Female,108.68.45.155
879,Cordula,O'Kelly,cokellyoe@google.fr,Female,178.131.235.65
880,Marlena,Russen,mrussenof@github.com,Male,196.67.222.22
881,Mercedes,Donati,mdonatiog@ihg.com,Female,102.182.135.227
882,Mozelle,Iwanczyk,miwanczykoh@newsvine.com,Male,198.64.67.144
883,Tamra,Winterburn,twinterburnoi@reddit.com,Male,40.167.46.138
884,Brendan,Duffyn,bduffynoj@edublogs.org,Female,197.174.190.213
885,Stormie,Redwin,sredwinok@skyrock.com,Female,156.93.166.21
886,Sherry,Priden,spridenol@whitehouse.gov,Female,249.46.163.247
887,Felike,Stanion,fstanionom@hugedomains.com,Male,226.159.168.145
888,Janette,Macvey,jmacveyon@stumbleupon.com,Female,122.122.1.41
889,Raeann,Zanotti,rzanottioo@mac.com,Female,221.34.160.175
890,Alejoa,Blankley,ablankleyop@shareasale.com,Male,73.236.153.200
891,Arabele,Aleksankin,aaleksankinoq@house.gov,Female,211.135.12.175
892,Caitlin,Badrick,cbadrickor@addthis.com,Male,81.187.233.72
893,Belia,Cuningham,bcuninghamos@engadget.com,Male,91.62.215.24
894,Carmelia,Girardez,cgirardezot@gizmodo.com,Female,11.242.94.146
895,Nick,Longstaff,nlongstaffou@deviantart.com,Male,248.192.48.17
896,Joyce,Kunisch,jkunischov@posterous.com,Female,128.3.199.150
897,Jess,Delgado,jdelgadoow@qq.com,Female,235.107.1.34
898,Peggy,Smallcombe,psmallcombeox@uiuc.edu,Genderfluid,243.227.27.231
899,Milzie,St Louis,mstlouisoy@marriott.com,Female,193.165.232.202
900,Carlota,Abrami,cabramioz@typepad.com,Female,1.114.4.64
901,Opaline,Tawton,otawtonp0@economist.com,Male,14.66.82.185
902,Clerc,Arnaldi,carnaldip1@hud.gov,Female,193.62.139.173
903,Jonas,Glossup,jglossupp2@techcrunch.com,Male,90.52.252.87
904,Gerty,Tooth,gtoothp3@gmpg.org,Female,81.111.33.150
905,Lyell,McTavish,lmctavishp4@about.me,Male,244.172.108.166
906,Carolina,Golland,cgollandp5@oaic.gov.au,Male,44.74.225.242
907,Curtice,Gillett,cgillettp6@cargocollective.com,Male,145.135.175.12
908,Drucy,Ryrie,dryriep7@addtoany.com,Female,139.251.146.174
909,Sutherland,Dan,sdanp8@samsung.com,Female,59.210.4.245
910,Salmon,Denyagin,sdenyaginp9@springer.com,Male,16.34.96.216
911,Lorene,Nares,lnarespa@imageshack.us,Male,49.152.72.41
912,Tonnie,Bleythin,tbleythinpb@accuweather.com,Male,10.8.24.248
913,Matt,Lumsdall,mlumsdallpc@wikipedia.org,Male,161.210.9.216
914,Merna,Fulks,mfulkspd@blogs.com,Male,189.164.7.173
915,Thorvald,Foakes,tfoakespe@stumbleupon.com,Male,14.209.118.235
916,Peyter,Willeman,pwillemanpf@pagesperso-orange.fr,Female,166.188.170.69
917,Ellsworth,Assad,eassadpg@dailymotion.com,Male,243.43.139.234
918,Charla,Taggart,ctaggartph@cdbaby.com,Female,236.207.95.90
919,Erinn,Melvin,emelvinpi@thetimes.co.uk,Female,146.231.159.55
920,Samuele,Mouncher,smouncherpj@youtu.be,Female,120.34.131.254
921,Giacinta,Darton,gdartonpk@wikimedia.org,Female,248.161.153.159
922,Leonelle,Sange,lsangepl@vinaora.com,Female,50.126.118.187
923,Hedwig,Mylechreest,hmylechreestpm@lulu.com,Male,95.30.54.225
924,Helenelizabeth,Cossell,hcossellpn@homestead.com,Male,145.212.54.101
925,Mireille,Adamczewski,madamczewskipo@smh.com.au,Genderqueer,250.213.157.107
926,Catarina,Booler,cboolerpp@booking.com,Female,184.128.14.117
927,Heloise,Storer,hstorerpq@wikispaces.com,Male,232.163.0.187
928,Rex,Edmondson,redmondsonpr@youtube.com,Female,49.215.218.65
929,Mela,Brinkler,mbrinklerps@chicagotribune.com,Female,63.231.109.18
930,Hugh,McGinley,hmcginleypt@accuweather.com,Male,14.183.75.160
931,Garald,Pendered,gpenderedpu@bloglines.com,Male,173.124.185.49
932,Leona,Glanfield,lglanfieldpv@fastcompany.com,Polygender,201.19.188.33
933,Booth,Shitliff,bshitliffpw@google.it,Male,187.78.181.33
934,Paquito,Large,plargepx@shareasale.com,Male,95.22.202.17
935,Reginauld,Tanslie,rtansliepy@ustream.tv,Male,221.46.124.135
936,Sharyl,Fillgate,sfillgatepz@blogs.com,Female,158.167.22.71
937,Rasia,Walbrook,rwalbrookq0@chronoengine.com,Female,210.91.242.48
938,Lowrance,Tilson,ltilsonq1@slate.com,Female,6.181.128.162
939,Brodie,Perl,bperlq2@myspace.com,Female,22.223.10.57
940,Obadiah,Bedinn,obedinnq3@dropbox.com,Non-binary,147.189.252.184
941,Aubrey,Michelin,amichelinq4@google.pl,Female,98.208.236.125
942,Florry,Landor,flandorq5@symantec.com,Genderqueer,23.199.127.43
943,Jolee,Galego,jgalegoq6@cafepress.com,Agender,197.152.150.195
944,Briggs,Simcox,bsimcoxq7@nationalgeographic.com,Male,196.12.144.75
945,Salomone,Shelly,sshellyq8@toplist.cz,Agender,9.228.129.92
946,Ailey,Pietruschka,apietruschkaq9@1688.com,Female,106.46.14.175
947,Myron,Trodler,mtrodlerqa@blogspot.com,Female,232.122.108.204
948,Farley,Courtenay,fcourtenayqb@admin.ch,Male,70.88.83.120
949,Dannie,Timbrell,dtimbrellqc@simplemachines.org,Male,239.226.171.122
950,Bobbee,McMeanma,bmcmeanmaqd@hao123.com,Female,123.248.92.110
951,Wally,Blodget,wblodgetqe@toplist.cz,Polygender,149.241.20.4
952,Minna,Caffin,mcaffinqf@mashable.com,Male,83.255.190.19
953,Salaidh,Dyte,sdyteqg@shutterfly.com,Male,35.107.132.83
954,Josy,Boik,jboikqh@fc2.com,Female,162.4.194.122
955,Chelsea,Allsep,callsepqi@goodreads.com,Male,141.33.199.86
956,Rivy,Larret,rlarretqj@sina.com.cn,Female,87.129.157.24
957,Astrix,Riches,arichesqk@oaic.gov.au,Genderqueer,19.247.174.191
958,Benedikt,Lemonnier,blemonnierql@arizona.edu,Female,251.104.101.158
959,Demetra,Perrie,dperrieqm@bandcamp.com,Male,119.233.40.142
960,Timmie,Catt,tcattqn@livejournal.com,Female,200.174.147.66
961,June,Vigus,jvigusqo@slate.com,Non-binary,47.174.59.208
962,Chandler,Liddiard,cliddiardqp@nih.gov,Male,132.245.139.221
963,Fifine,McNair,fmcnairqq@google.pl,Female,47.205.237.125
964,Abram,Conen,aconenqr@zdnet.com,Male,58.28.202.222
965,Raphaela,Quilliam,rquilliamqs@cafepress.com,Female,187.227.161.27
966,Herc,Worswick,hworswickqt@phoca.cz,Female,150.34.179.155
967,Charlie,Moseby,cmosebyqu@wufoo.com,Female,89.166.198.230
968,Jodie,Giddy,jgiddyqv@china.com.cn,Male,129.122.42.11
969,Kinnie,Wiggall,kwiggallqw@about.com,Female,195.78.97.213
970,Dur,Calderhead,dcalderheadqx@timesonline.co.uk,Female,55.242.5.114
971,Prescott,Gass,pgassqy@odnoklassniki.ru,Male,159.164.129.159
972,Bellina,Eccleston,becclestonqz@smh.com.au,Male,167.255.53.14
973,Iseabal,Silverwood,isilverwoodr0@is.gd,Male,64.39.165.97
974,Gilli,MacCome,gmaccomer1@twitpic.com,Female,38.160.37.221
975,Nertie,Sherel,nsherelr2@miitbeian.gov.cn,Male,63.124.230.188
976,Raven,Ickowics,rickowicsr3@vistaprint.com,Female,193.216.178.250
977,Filberto,Christopherson,fchristophersonr4@cmu.edu,Agender,77.87.117.229
978,Suellen,Lyptrit,slyptritr5@ameblo.jp,Male,112.171.61.169
979,Annecorinne,Francescuccio,afrancescuccior6@ow.ly,Male,218.0.215.64
980,Reinaldo,Ramsdale,rramsdaler7@msu.edu,Male,135.159.22.183
981,Abdul,Horsewood,ahorsewoodr8@addtoany.com,Male,9.76.233.146
982,Norbie,Habens,nhabensr9@nsw.gov.au,Male,83.8.85.18
983,Josie,Spillman,jspillmanra@delicious.com,Male,69.94.134.142
984,Robbert,Yeudall,ryeudallrb@eepurl.com,Male,242.175.173.50
985,Zane,Lisamore,zlisamorerc@umich.edu,Genderfluid,24.28.125.246
986,Bat,Whitchurch,bwhitchurchrd@pbs.org,Female,236.230.251.47
987,Woodman,Martelet,wmarteletre@nps.gov,Male,212.235.6.61
988,Meredith,Hiley,mhileyrf@tinyurl.com,Female,238.235.142.171
989,Samaria,Schiementz,sschiementzrg@upenn.edu,Genderqueer,52.236.104.44
990,Elenore,Axten,eaxtenrh@yellowpages.com,Male,61.71.71.91
991,Jules,Ingliby,jinglibyri@vkontakte.ru,Male,131.198.106.82
992,Margette,Cail,mcailrj@imageshack.us,Female,209.42.211.83
993,Noami,Elward,nelwardrk@bbb.org,Female,247.158.108.111
994,Derron,Hinrichsen,dhinrichsenrl@nbcnews.com,Male,204.100.57.159
995,Jacques,Helstrom,jhelstromrm@msn.com,Male,12.78.164.163
996,Elfreda,Heball,eheballrn@whitehouse.gov,Genderfluid,186.62.122.126
997,Kelby,Stern,ksternro@google.cn,Female,66.21.176.228
998,Bruno,Jentet,bjentetrp@examiner.com,Female,216.5.229.37
999,Mohandas,Van der Krui,mvanderkruirq@merriam-webster.com,Male,155.218.115.90
1000,Gena,Fortey,gforteyrr@toplist.cz,Male,144.69.189.60
